receiverName,receiverAddress,receiverEmail
김수민,충청북도 증평군 오금로,김수민1@example.com
김미숙,제주특별자치도 당진시 잠실길,김미숙2@example.com
한영자,전라북도 파주시 선릉거리 (성진성이동),한영자3@example.com
이성현,서울특별시 송파구 잠실6로 (정순강문마을),이성현4@example.com
김정남,부산광역시 남구 봉은사가 (현우전김면),김정남5@example.com
이진우,대구광역시 금천구 역삼가,이진우6@example.com
진재현,전라남도 단양군 언주로,진재현7@example.com
이명자,인천광역시 관악구 개포724길 (옥자박마을),이명자8@example.com
최성호,제주특별자치도 철원군 도산대로,최성호9@example.com
김정수,울산광역시 서대문구 서초대80로,김정수10@example.com
박수민,부산광역시 도봉구 역삼04길 (지연이마을),박수민11@example.com
김지연,대전광역시 강서구 봉은사거리,김지연12@example.com
류수진,인천광역시 북구 학동가,류수진13@example.com
구옥자,충청북도 태안군 잠실4가,구옥자14@example.com
남지연,전라북도 춘천시 반포대713길,남지연15@example.com
김영호,경기도 성남시 분당구 언주로,김영호16@example.com
고명자,전라북도 청주시 상당구 논현299가,고명자17@example.com
박승민,부산광역시 서초구 영동대67로,박승민18@example.com
나미숙,전라남도 부천시 논현길 (성민김박동),나미숙19@example.com
고영철,서울특별시 용산구 역삼가,고영철20@example.com
김승민,대구광역시 서대문구 개포거리,김승민21@example.com
안수빈,충청북도 안성시 논현9로 (민석최박마을),안수빈22@example.com
성도현,강원도 계룡시 오금길,성도현23@example.com
노영호,부산광역시 마포구 강남대5길,노영호24@example.com
김재호,전라남도 괴산군 압구정가 (민재김면),김재호25@example.com
이도윤,전라남도 하남시 반포대거리,이도윤26@example.com
민은지,광주광역시 서초구 테헤란거리,민은지27@example.com
김영철,광주광역시 동작구 삼성길 (미경김백동),김영철28@example.com
이서준,대전광역시 강동구 가락거리,이서준29@example.com
박정식,부산광역시 용산구 잠실로,박정식30@example.com
최민서,경기도 용인시 처인구 도산대33로,최민서31@example.com
최준호,충청남도 동두천시 선릉로,최준호32@example.com
유종수,충청남도 군포시 봉은사가 (지민김리),유종수33@example.com
류준호,경기도 태안군 개포거리,류준호34@example.com
김종수,울산광역시 서초구 압구정4길 (도현최이면),김종수35@example.com
나민석,전라북도 성남시 압구정835가,나민석36@example.com
장성진,부산광역시 송파구 서초대65가 (보람김장리),장성진37@example.com
배은정,울산광역시 금천구 양재천거리 (진우최면),배은정38@example.com
박상철,충청북도 태안군 양재천거리 (정숙권면),박상철39@example.com
김경수,경상남도 금산군 반포대가,김경수40@example.com
최정희,경상남도 춘천시 테헤란로 (은서김마을),최정희41@example.com
최지훈,세종특별자치시 광진구 오금895가,최지훈42@example.com
오예진,충청북도 진천군 반포대34가 (예준김면),오예진43@example.com
이지후,대구광역시 광진구 개포길,이지후44@example.com
김영순,경상북도 성남시 중원구 선릉가 (지민권리),김영순45@example.com
노성민,경상북도 양양군 서초중앙길 (진우김이리),노성민46@example.com
홍하은,울산광역시 영등포구 학동가,홍하은47@example.com
박광수,전라남도 고양시 일산동구 삼성64가 (정자박권동),박광수48@example.com
이은지,서울특별시 성북구 압구정길,이은지49@example.com
박민석,경상남도 충주시 영동대9로,박민석50@example.com
김숙자,광주광역시 영등포구 개포319길,김숙자51@example.com
황준혁,서울특별시 은평구 오금18거리,황준혁52@example.com
이영식,전라남도 청양군 테헤란28거리 (경숙류최면),이영식53@example.com
류미경,충청남도 괴산군 석촌호수650가 (승민김안면),류미경54@example.com
최중수,인천광역시 용산구 선릉가,최중수55@example.com
김예은,경상남도 수원시 권선구 양재천길 (영자이최리),김예은56@example.com
이혜진,대전광역시 강남구 강남대43로 (정수서읍),이혜진57@example.com
서서준,부산광역시 서구 양재천길 (성훈김박면),서서준58@example.com
김성민,경상남도 부천시 석촌호수거리,김성민59@example.com
박병철,광주광역시 남구 봉은사6가,박병철60@example.com
강도윤,전라북도 안양시 봉은사가,강도윤61@example.com
안서윤,경상남도 속초시 석촌호수49로 (하윤김읍),안서윤62@example.com
김상호,대구광역시 종로구 반포대974로,김상호63@example.com
한정식,강원도 청주시 흥덕구 강남대길 (상호김김면),한정식64@example.com
김민지,광주광역시 양천구 반포대거리 (하윤박박동),김민지65@example.com
손지민,서울특별시 용산구 오금로 (서영권김마을),손지민66@example.com
허보람,경상남도 안양시 만안구 영동대55로 (정식한면),허보람67@example.com
이지연,세종특별자치시 용산구 강남대16로,이지연68@example.com
정영순,제주특별자치도 포천시 가락03거리,정영순69@example.com
남영희,강원도 수원시 팔달구 역삼거리 (민지김동),남영희70@example.com
김준영,전라북도 양구군 선릉73가 (준영허마을),김준영71@example.com
김명자,전라남도 화천군 압구정49가 (현우박면),김명자72@example.com
정예원,인천광역시 강남구 석촌호수가 (지민이면),정예원73@example.com
한지원,충청북도 철원군 테헤란거리 (지연박마을),한지원74@example.com
김민서,강원도 영월군 삼성615가,김민서75@example.com
강춘자,제주특별자치도 수원시 영통구 언주거리 (옥자이동),강춘자76@example.com
한미숙,전라북도 수원시 팔달구 삼성로,한미숙77@example.com
이민재,충청북도 안산시 학동가 (명자최읍),이민재78@example.com
김상훈,세종특별자치시 북구 오금217거리,김상훈79@example.com
이현주,세종특별자치시 남구 논현71길 (서영최진면),이현주80@example.com
류승민,서울특별시 동작구 양재천9거리,류승민81@example.com
김상훈,강원도 서천군 양재천가,김상훈82@example.com
이민수,대전광역시 송파구 역삼2거리 (정순김류리),이민수83@example.com
이채원,세종특별자치시 용산구 언주가,이채원84@example.com
송아름,경기도 시흥시 반포대거리 (서윤류노동),송아름85@example.com
박은정,인천광역시 관악구 가락가 (순자김김동),박은정86@example.com
박동현,경상북도 홍천군 오금869길,박동현87@example.com
윤지현,전라북도 수원시 영통구 논현73거리 (현주이면),윤지현88@example.com
이현우,강원도 태안군 가락로 (은영김읍),이현우89@example.com
김지은,충청남도 과천시 테헤란042길,김지은90@example.com
안미영,대구광역시 종로구 언주502거리,안미영91@example.com
서영진,세종특별자치시 양천구 서초대178길,서영진92@example.com
김지영,세종특별자치시 관악구 도산대가 (지훈김오리),김지영93@example.com
김우진,대구광역시 강북구 개포847가,김우진94@example.com
한준혁,경상북도 삼척시 선릉거리,한준혁95@example.com
이지민,울산광역시 노원구 영동대7로 (정순김동),이지민96@example.com
이미정,대전광역시 서초구 선릉거리,이미정97@example.com
노영자,광주광역시 동작구 영동대9길,노영자98@example.com
박준혁,대전광역시 성동구 석촌호수6로 (도윤이권면),박준혁99@example.com
김민재,강원도 평택시 학동길 (지후이이면),김민재100@example.com
